,bank_predicted,id
0,0,2041
1,0,399
2,0,1400
3,0,3709
4,0,2111
5,0,2706
6,0,2987
7,0,3275
8,0,195
9,0,1170
10,0,248
11,0,3625
12,0,1732
13,0,1051
14,1,855
15,1,2118
16,0,317
17,0,2016
18,0,1497
19,0,752
20,0,205
21,0,1195
22,0,2093
23,0,4080
24,0,803
25,0,2262
26,0,236
27,0,89
28,0,603
29,0,3120
30,0,2727
31,0,2933
32,0,40
33,0,1476
34,0,1106
35,0,2748
36,0,2095
37,0,741
38,0,2171
39,0,1759
40,0,433
41,0,4022
42,0,442
43,0,3247
44,0,1866
45,0,2072
46,0,2131
47,0,3844
48,0,3719
49,0,1305
50,0,2087
51,0,401
52,0,2672
53,0,99
54,0,1082
55,0,1182
56,0,1114
57,0,2610
58,0,1983
59,0,3828
60,0,1468
61,0,3489
62,0,583
63,0,2660
64,0,2465
65,1,2901
66,0,906
67,0,996
68,0,2394
69,0,2951
70,0,32
71,0,782
72,0,1171
73,0,281
74,0,3713
75,0,1532
76,0,2929
77,0,347
78,0,4035
79,0,661
80,0,47
81,0,1360
82,0,2144
83,0,3453
84,1,3482
85,1,3209
86,0,3052
87,1,502
88,0,2159
89,0,3476
90,0,2452
91,0,1339
92,0,3028
93,1,577
94,0,2308
95,0,2022
96,0,1069
97,0,3160
98,0,3256
99,1,1541
100,0,2216
101,0,1037
102,0,3502
103,0,2321
104,0,2496
105,0,2344
106,1,451
107,0,1817
108,0,1720
109,0,690
110,0,2008
111,0,2532
112,0,4091
113,0,1979
114,0,1855
115,0,2537
116,0,2729
117,0,3033
118,0,2378
119,0,2377
120,0,2734
121,0,3732
122,0,3361
123,0,1251
124,0,756
125,0,607
126,0,1524
127,0,854
128,0,2772
129,0,2265
130,0,2974
131,0,1397
132,0,2919
133,0,394
134,0,1168
135,0,4114
136,0,3345
137,0,2770
138,0,3928
139,0,3900
140,0,704
141,0,417
142,0,2648
143,0,1351
144,0,2140
145,1,2360
146,0,4098
147,0,535
148,0,3376
149,0,1266
150,0,193
151,1,1207
152,0,810
153,0,2416
154,0,4053
155,0,1143
156,0,1565
157,0,2767
158,0,2419
159,0,2810
160,0,645
161,0,2250
162,0,2524
163,0,378
164,0,3991
165,0,2761
166,0,1235
167,0,1061
168,0,570
169,0,1710
170,0,2733
171,0,650
172,0,1390
173,0,15
174,0,3556
175,0,2127
176,0,847
177,0,3130
178,0,3858
179,1,1851
180,0,1954
181,0,1310
182,0,1244
183,0,2191
184,0,1684
185,0,3696
186,0,931
187,0,813
188,0,2823
189,0,1868
190,0,889
191,0,1715
192,0,951
193,0,2392
194,0,3627
195,0,2478
196,0,1777
197,0,25
198,0,1329
199,0,3439
200,0,2450
201,0,3216
202,0,3242
203,0,1135
204,0,1160
205,0,3169
206,0,1352
207,0,3106
208,0,1937
209,0,1033
210,0,2317
211,0,546
212,0,1501
213,0,3675
214,1,2783
215,0,111
216,0,1261
217,0,3554
218,0,2790
219,0,3830
220,0,2907
221,0,1813
222,0,998
223,0,2158
224,0,3835
225,0,373
226,1,166
227,0,3924
228,0,683
229,0,3503
230,1,1825
231,0,2024
232,0,2507
233,0,3414
234,0,3399
235,0,2390
236,0,2945
237,0,3030
238,0,3248
239,0,3306
240,0,128
241,0,601
242,0,4020
243,0,77
244,0,3308
245,0,2771
246,1,1794
247,0,814
248,0,26
249,0,3765
250,0,3156
251,1,2218
252,0,102
253,0,1017
254,0,2638
255,0,514
256,0,150
257,0,3760
258,1,978
259,1,3796
260,0,429
261,0,2332
262,0,130
263,0,2007
264,0,909
265,0,2352
266,0,1024
267,0,1306
268,1,1745
269,0,3285
270,0,3147
271,0,2270
272,0,2417
273,0,2663
274,0,2458
275,0,2226
276,0,1163
277,0,1959
278,0,3224
279,0,2750
280,0,2799
281,0,2869
282,0,2413
283,0,1936
284,0,3397
285,0,253
286,0,1790
287,0,2599
288,0,2102
289,0,1125
290,0,459
291,0,3898
292,0,3972
293,0,3370
294,0,2488
295,0,3233
296,0,321
297,0,652
298,0,1834
299,0,3699
300,0,4058
301,0,819
302,0,1371
303,0,2521
304,0,506
305,0,1359
306,0,874
307,0,3630
308,0,1694
309,0,3027
310,0,576
311,0,4096
312,0,273
313,0,2784
314,0,419
315,0,3938
316,0,3021
317,0,2114
318,0,1148
319,0,2509
320,0,1378
321,0,1091
322,0,1740
323,0,807
324,0,1093
325,0,3660
326,0,2357
327,0,3080
328,0,171
329,0,4016
330,0,3172
331,0,304
332,0,443
333,0,1771
334,0,359
335,0,1444
336,0,1757
337,0,3312
338,0,1523
339,0,597
340,0,3558
341,0,1849
342,0,688
343,0,328
344,0,3715
345,0,3549
346,1,3267
347,0,235
348,0,846
349,0,3018
350,0,1068
351,0,729
352,0,2256
353,0,2420
354,0,1796
355,0,475
356,0,168
357,0,3998
358,0,2035
359,0,1145
360,0,1232
361,0,1448
362,0,29
363,0,2123
364,0,207
365,0,1325
366,0,1022
367,0,3646
368,0,2873
369,1,3128
370,0,3537
371,0,277
372,0,2814
373,0,925
374,0,3784
375,0,4107
376,0,568
377,0,3681
378,0,4108
379,0,2143
380,0,3296
381,0,821
382,0,3927
383,0,269
384,0,2795
385,0,105
386,0,1471
387,0,3775
388,0,348
389,0,900
390,0,435
391,0,1212
392,0,867
393,0,3872
394,0,578
395,0,946
396,1,3945
397,0,3109
398,0,242
399,0,1695
400,0,1803
401,0,2713
402,0,3725
403,1,3946
404,0,1919
405,0,2249
406,0,1898
407,0,3529
408,0,2915
409,0,2453
410,0,43
411,0,3986
412,0,3158
413,0,1561
414,0,2435
415,0,3469
416,0,3413
417,0,2879
418,1,3527
419,0,1137
420,0,2142
421,0,428
422,0,284
423,0,2673
424,0,2096
425,0,3192
426,0,1241
427,0,2376
428,0,80
429,0,2025
430,0,3343
431,0,922
432,0,831
433,0,1617
434,0,3989
435,0,2318
436,0,2780
437,0,2314
438,0,4005
439,0,2354
440,0,2725
441,0,2012
442,0,2260
443,0,2014
444,0,1233
445,0,2730
446,0,3237
447,0,308
448,1,955
449,0,1981
450,0,2742
451,0,4001
452,0,380
453,0,3287
454,0,39
455,1,3809
456,0,1573
457,0,1242
458,0,4055
459,0,2819
460,0,2006
461,0,4031
462,0,2199
463,0,3359
464,0,1495
465,0,3967
466,0,283
467,0,3302
468,0,2455
469,0,825
470,0,2604
471,0,2299
472,0,318
473,1,3961
474,0,4068
475,0,572
476,0,17
477,0,2436
478,0,104
479,0,4115
480,0,801
481,0,2033
482,0,1097
483,0,2853
484,0,3055
485,0,2048
486,0,2775
487,0,1590
488,0,3183
489,0,515
490,0,2036
491,0,1039
492,0,3231
493,0,2369
494,0,476
495,0,1428
496,0,3925
497,0,2266
498,0,914
499,0,3522
500,0,3351
501,0,3669
502,0,3448
503,0,365
504,0,1335
505,0,2720
506,0,2875
507,0,1507
508,0,1285
509,1,3150
510,0,356
511,0,3523
512,0,379
513,0,3569
514,0,2647
515,0,2650
516,0,898
517,0,824
518,0,2764
519,0,3038
520,0,1961
521,0,2362
522,0,3450
523,0,1308
524,0,915
525,0,3416
526,0,1332
527,0,2548
528,0,2997
529,0,769
530,0,1079
531,0,2463
532,1,2686
533,0,2792
534,0,1049
535,0,1653
536,0,2388
537,0,1043
538,0,3568
539,0,1401
540,0,630
541,1,2088
542,0,3824
543,0,1437
544,0,108
545,0,2620
546,0,2618
547,0,254
548,0,3665
549,1,3449
550,0,969
551,0,2358
552,0,1056
553,0,1147
554,0,1698
555,0,1585
556,0,2237
557,1,2103
558,0,3615
559,0,2374
560,0,2018
561,0,1884
562,0,745
563,0,1029
564,0,2059
565,0,2586
566,0,1696
567,0,4111
568,0,985
569,0,496
570,0,2959
571,0,2911
572,0,2204
573,0,1050
574,0,71
575,0,2355
576,0,2804
577,0,2168
578,0,960
579,0,4094
580,0,614
581,0,62
582,0,3914
583,0,2264
584,0,2422
585,0,123
586,0,1760
587,0,3447
588,0,322
589,0,3056
590,0,2479
591,0,2425
592,0,2410
593,0,1791
594,0,901
595,0,543
596,0,2132
597,0,3226
598,0,3417
599,0,3843
600,0,1538
601,0,2427
602,0,1175
603,0,313
604,0,3459
605,0,3622
606,0,1819
607,0,940
608,0,3069
609,0,2523
610,0,3910
611,0,1060
612,0,367
613,0,2667
614,0,3962
615,0,141
616,0,3501
617,0,3465
618,0,369
619,0,3733
620,0,2501
621,0,3034
622,0,3762
623,0,2582
624,1,3863
625,0,1108
626,0,2969
627,1,2295
628,0,420
629,0,554
630,0,1857
631,0,2301
632,0,2803
633,0,1304
634,0,552
635,0,3573
636,1,1751
637,0,1295
638,0,2247
639,0,2439
640,0,436
641,0,4075
642,0,8
643,0,45
644,1,3437
645,1,4067
646,0,357
647,0,1237
648,0,1317
649,0,1132
650,0,3826
651,0,2137
652,0,3592
653,0,1738
654,0,230
655,0,49
656,0,2596
657,0,4118
658,0,3751
659,0,3145
660,0,2243
661,0,3942
662,0,3433
663,0,1165
664,0,838
665,0,172
666,0,1567
667,0,3895
668,0,591
669,0,2326
670,0,444
671,0,997
672,0,2889
673,0,3364
674,0,2859
675,0,118
676,0,2005
677,0,2765
678,0,2004
679,0,3683
680,0,1554
681,0,208
682,0,1985
683,0,2370
684,0,1394
685,0,2718
686,0,1278
687,0,1211
688,0,3598
689,0,1205
690,0,1040
691,0,1965
692,1,1814
693,0,2040
694,0,2884
695,0,2021
696,0,861
697,0,1743
698,0,2568
699,0,1880
700,0,873
701,0,786
702,0,377
703,0,1474
704,0,2151
705,0,3081
706,0,2904
707,0,907
708,0,323
709,0,1431
710,0,3262
711,0,3443
712,0,4082
713,0,1570
714,0,1780
715,0,2654
716,0,228
717,0,1362
718,0,2785
719,0,1340
720,0,3904
721,0,2956
722,0,3396
723,0,383
724,0,223
725,0,1391
726,0,2908
727,0,83
728,1,1629
729,0,3880
730,0,1420
731,1,4070
732,0,2935
733,0,3667
734,0,665
735,0,3698
736,0,334
737,0,3411
738,0,2559
739,0,3820
740,0,1925
741,1,1867
742,0,3279
743,0,342
744,0,1382
745,0,3589
746,0,959
747,0,1300
748,0,1852
749,0,3180
750,0,518
751,0,95
752,0,833
753,0,608
754,0,2185
755,0,2744
756,0,3922
757,0,1116
758,0,246
759,0,441
760,0,69
761,0,2263
762,0,1785
763,0,2147
764,0,2540
765,0,3973
766,0,4009
767,0,3959
768,0,1887
769,0,627
770,0,1111
771,0,574
772,0,3410
773,0,2872
774,1,289
775,0,1224
776,0,453
777,0,987
778,0,3065
779,0,3014
780,0,3746
781,0,3015
782,0,4100
783,0,1545
784,0,3274
785,1,706
786,0,522
787,0,368
788,0,2964
789,0,2084
790,0,117
791,0,4019
792,0,638
793,0,2329
794,1,1393
795,0,4095
796,0,3997
797,0,302
798,0,3332
799,0,2058
800,0,887
801,0,3564
802,0,519
803,0,1280
804,0,802
805,0,1863
806,0,23
807,0,2777
808,0,3688
809,0,1875
810,0,464
811,0,3496
812,0,826
813,0,2052
814,0,1624
815,0,3703
816,1,2163
817,0,395
818,0,303
819,0,315
820,0,1025
821,0,1601
822,0,4087
823,0,3913
824,0,2615
825,0,1831
826,0,320
827,0,1058
828,0,1268
829,0,3773
830,0,160
831,0,3253
832,0,2106
833,0,1939
834,0,1442
835,0,1952
836,0,2296
837,0,2934
838,0,615
839,0,3339
840,0,1827
841,1,129
842,1,3365
843,0,2538
844,1,135
845,0,456
846,0,2234
847,0,3341
848,0,238
849,0,3422
850,0,1712
851,0,4000
852,0,2447
853,0,990
854,0,1287
855,0,2451
856,0,374
857,0,447
858,0,3197
859,0,2896
860,0,232
861,1,1686
862,0,3534
863,0,2941
864,0,2288
865,0,3187
866,0,1649
867,0,1219
868,0,1057
869,0,709
870,0,1973
871,0,713
872,0,974
873,1,1652
874,0,1502
875,0,2405
876,0,2834
877,0,1500
878,0,2707
879,0,2343
880,0,667
881,0,2385
882,0,3578
883,0,2642
884,0,2687
885,0,3011
886,0,2154
887,0,489
888,0,3750
889,0,2195
890,0,3532
891,0,1630
892,0,1587
893,0,3515
894,0,654
895,0,2759
896,0,563
897,0,2277
898,1,686
899,0,3528
900,0,3105
901,0,503
902,0,370
903,0,2878
904,0,2384
905,0,1772
906,0,3181
907,0,3580
908,0,2179
909,0,2034
910,0,4090
911,0,1890
912,0,403
913,0,1767
914,1,2949
915,0,739
916,0,1257
917,0,1588
918,0,3294
919,0,648
920,0,2512
921,1,3263
922,0,2187
923,0,279
924,0,2653
925,0,2980
926,0,2462
927,1,3463
928,0,899
929,0,787
930,1,293
931,0,1642
932,0,610
933,0,1990
934,0,3621
935,0,1169
936,0,490
937,0,3461
938,1,1918
939,0,6
940,0,2629
941,0,1341
942,0,3734
943,1,1871
944,0,3324
945,0,149
946,0,1677
947,0,1940
948,0,1183
949,0,3124
950,0,3504
951,0,4008
952,0,256
953,0,439
954,0,4079
955,0,1873
956,0,3642
957,0,3077
958,0,3599
959,0,1549
960,0,3049
961,0,961
962,0,1112
963,0,224
964,0,2345
965,0,1552
966,0,642
967,0,763
968,0,1381
969,0,2847
970,0,3690
971,0,3878
972,1,1189
973,0,1892
974,0,3409
975,0,853
976,0,3016
977,0,412
978,0,3057
979,0,2735
980,0,282
981,0,1100
982,0,2736
983,0,148
984,1,54
985,0,3628
986,0,1637
987,0,174
988,0,1330
989,0,3225
990,0,2954
991,0,247
992,0,2955
993,0,1995
994,0,2475
995,0,3215
996,0,474
997,0,58
998,0,1013
999,0,1301
1000,0,3678
1001,0,1423
1002,0,2527
1003,0,1826
1004,0,1131
1005,0,559
1006,0,2996
1007,0,771
1008,0,67
1009,0,3207
1010,0,793
1011,0,2564
1012,1,1633
1013,0,1445
1014,0,712
1015,0,287
1016,0,3541
1017,0,1579
1018,0,1149
1019,0,1499
1020,0,894
1021,0,1906
1022,0,1886
1023,0,1647
1024,0,3492
1025,0,2899
1026,0,30
1027,0,1259
1028,0,1671
1029,0,1812
1030,0,3917
1031,0,4040
1032,0,1518
1033,0,2776
1034,0,2061
1035,0,2891
1036,0,2255
1037,0,2668
1038,0,3738
1039,0,3304
1040,0,2914
1041,0,2353
1042,0,2683
1043,0,3201
1044,0,1563
1045,0,3075
1046,0,1576
1047,0,1133
1048,0,92
1049,0,3325
1050,0,2716
1051,0,70
1052,0,351
1053,0,1527
1054,0,1186
1055,0,2280
1056,0,581
1057,0,2817
1058,0,644
1059,0,984
1060,0,1389
1061,0,780
1062,0,1621
1063,1,2932
1064,0,3891
1065,0,177
1066,0,4026
1067,0,233
1068,0,2284
1069,0,3656
1070,0,2246
1071,1,1847
1072,0,1850
1073,0,2283
1074,0,2108
1075,0,1782
1076,0,152
1077,0,3024
1078,0,1269
1079,0,1489
1080,0,3804
1081,0,1349
1082,0,2401
1083,0,2184
1084,0,3333
1085,0,1522
1086,0,1436
1087,0,3761
1088,0,1395
1089,0,573
1090,0,2664
1091,0,1422
1092,0,1982
1093,0,1344
1094,0,1651
1095,0,993
1096,0,3610
1097,0,3611
1098,0,1553
1099,0,3510
1100,0,2766
1101,0,1158
1102,0,2215
1103,1,3694
1104,0,1614
1105,0,176
1106,0,594
1107,0,1153
1108,0,1525
1109,0,1685
1110,0,526
1111,0,499
1112,0,3173
1113,0,1477
1114,0,65
1115,0,2471
1116,1,1746
1117,0,3764
1118,1,3647
1119,0,3218
1120,0,2597
1121,0,3347
1122,0,2984
1123,1,1654
1124,0,1119
1125,0,3194
1126,0,2320
1127,0,2547
1128,0,1433
1129,0,759
1130,1,533
1131,0,2105
1132,0,738
1133,0,876
1134,0,1103
1135,0,655
1136,0,2658
1137,0,3559
1138,0,155
1139,0,3380
1140,0,3255
1141,0,1283
1142,1,3604
1143,0,2221
1144,0,3567
1145,0,4046
1146,0,1658
1147,0,2820
1148,0,3079
1149,0,56
1150,0,186
1151,0,107
1152,0,2172
1153,0,845
1154,0,258
1155,0,765
1156,1,154
1157,0,2699
1158,0,1000
1159,0,3102
1160,0,3195
1161,0,1408
1162,0,3251
1163,0,3912
1164,0,3041
1165,0,3626
1166,0,3940
1167,0,297
1168,0,980
1169,0,180
1170,0,1650
1171,0,3113
1172,0,221
1173,0,3203
1174,0,437
1175,0,1934
1176,0,2178
1177,0,1020
1178,0,211
1179,0,319
1180,0,206
1181,0,3871
1182,1,948
1183,0,1356
1184,0,766
1185,0,295
1186,0,737
1187,0,681
1188,0,1742
1189,0,972
1190,0,266
1191,0,2986
1192,0,3303
1193,0,2867
1194,0,2393
1195,0,1076
1196,0,2881
1197,1,2684
1198,0,3993
1199,0,4015
1200,0,3286
1201,0,1693
1202,0,2189
1203,0,2331
1204,0,3552
1205,0,306
1206,0,679
1207,0,3046
1208,0,3919
1209,0,945
1210,0,3406
1211,0,3955
1212,0,2381
1213,0,1063
1214,0,809
1215,0,485
1216,0,274
1217,0,3152
1218,0,2089
1219,0,3862
1220,0,2913
1221,0,1245
1222,0,3879
1223,0,3827
1224,1,2037
1225,0,604
1226,0,1895
1227,0,2305
1228,0,339
1229,0,4102
1230,0,404
1231,0,3641
1232,0,7
1233,0,2844
1234,0,3435
1235,0,1234
1236,1,264
1237,0,1829
1238,0,976
1239,0,3906
1240,0,2550
1241,0,2562
1242,0,815
1243,0,3425
1244,0,3008
1245,0,3806
1246,0,3373
1247,0,856
1248,0,3508
1249,0,183
1250,0,703
1251,0,779
1252,0,1031
1253,0,1531
1254,0,632
1255,0,4
1256,0,2855
1257,0,832
1258,0,210
1259,0,1823
1260,0,732
1261,0,539
1262,0,669
1263,0,2645
1264,0,1729
1265,0,407
1266,0,2473
1267,0,1421
1268,0,3635
1269,0,754
1270,0,2042
1271,0,4062
1272,0,2481
1273,0,3582
1274,0,1346
1275,0,1343
1276,0,2068
1277,0,3831
1278,0,633
1279,0,434
1280,0,584
1281,0,613
1282,0,1641
1283,1,674
1284,0,1582
1285,0,4106
1286,0,3063
1287,0,3058
1288,0,2635
1289,0,1439
1290,0,3040
1291,0,212
1292,0,3741
1293,0,1749
1294,0,1846
1295,1,2013
1296,0,3936
1297,0,2141
1298,1,694
1299,0,5
1300,0,2349
1301,0,1643
1302,0,2655
1303,0,2900
1304,0,3133
1305,0,3846
1306,0,3881
1307,1,3576
1308,0,4025
1309,0,4116
1310,0,828
1311,0,2298
1312,0,541
1313,0,3637
1314,0,2522
1315,0,1073
1316,0,904
1317,0,1870
1318,0,3638
1319,0,917
1320,0,2086
1321,0,592
1322,0,2918
1323,0,2526
1324,0,112
1325,0,3866
1326,0,3901
1327,0,3868
1328,1,500
1329,0,1253
1330,0,2407
1331,0,85
1332,0,3743
1333,0,4039
1334,0,3377
1335,0,1598
1336,0,2854
1337,0,3047
1338,0,3540
1339,0,1798
1340,0,527
1341,0,3988
1342,0,340
1343,0,2628
1344,0,1309
1345,0,2613
1346,0,767
1347,0,646
1348,0,1430
1349,0,2886
1350,0,1687
1351,0,2166
1352,0,2483
1353,0,3525
1354,0,3291
1355,0,2457
1356,0,431
1357,0,971
1358,0,3766
1359,0,3624
1360,0,1800
1361,0,1053
1362,0,1604
1363,0,1361
1364,0,2472
1365,0,3832
1366,0,1274
1367,0,1801
1368,0,2732
1369,1,1492
1370,1,2146
1371,0,2051
1372,0,3305
1373,0,2156
1374,0,991
1375,0,1663
1376,0,2443
1377,0,3264
1378,0,3833
1379,0,1101
1380,0,3672
1381,0,3726
1382,0,1635
1383,0,2274
1384,0,79
1385,0,4027
1386,0,1089
1387,0,3671
1388,0,74
1389,0,733
1390,0,2081
1391,0,4064
1392,0,3752
1393,0,2161
1394,0,445
1395,0,1095
1396,1,405
1397,1,1415
1398,0,46
1399,0,2754
1400,0,1293
1401,0,2871
1402,0,1262
1403,0,1418
1404,0,2611
1405,0,3068
1406,0,1067
1407,0,1120
1408,0,2211
1409,0,2756
1410,0,2895
1411,0,2432
1412,0,534
1413,0,3059
1414,0,1708
1415,0,2824
1416,0,37
1417,0,924
1418,0,3670
1419,0,2936
1420,0,3923
1421,0,1781
1422,0,2745
1423,0,905
1424,0,2887
1425,0,113
1426,0,3471
1427,0,4104
1428,0,649
1429,0,3650
1430,0,55
1431,0,4045
1432,1,3531
1433,0,2703
1434,0,1178
1435,1,3663
1436,0,3005
1437,0,3971
1438,0,3842
1439,0,749
1440,0,1711
1441,0,2999
1442,0,2806
1443,0,2950
1444,0,2731
1445,0,2841
1446,0,1602
1447,0,1429
1448,0,2098
1449,1,1190
1450,0,3882
1451,0,2387
1452,0,3852
1453,0,1200
1454,0,3718
1455,0,1811
1456,0,3084
1457,0,753
1458,0,1322
1459,0,1938
1460,1,1714
1461,0,259
1462,0,1948
1463,0,3278
1464,0,3673
1465,0,1412
1466,0,875
1467,0,2032
1468,0,1697
1469,0,2894
1470,0,1998
1471,1,2612
1472,0,606
1473,0,1036
1474,1,1571
1475,0,1717
1476,0,3636
1477,0,589
1478,0,595
1479,0,3457
1480,0,1779
1481,0,3155
1482,0,1512
1483,0,4033
1484,0,1122
1485,0,1754
1486,0,1844
1487,0,300
1488,0,2133
1489,0,3964
1490,0,3090
1491,0,804
1492,0,1167
1493,0,3590
1494,0,1465
1495,0,2060
1496,0,3941
1497,0,278
1498,0,3284
1499,0,139
1500,1,1104
1501,0,2064
1502,0,3402
1503,0,2010
1504,0,2044
1505,0,3562
1506,0,2866
1507,0,331
1508,0,90
1509,0,3896
1510,0,3467
1511,0,2236
1512,1,3067
1513,0,3126
1514,0,1620
1515,0,619
1516,0,3712
1517,0,2046
1518,0,2577
1519,1,2669
1520,0,2827
1521,0,27
1522,0,3064
1523,0,91
1524,0,1805
1525,0,1483
1526,0,82
1527,0,580
1528,0,510
1529,0,653
1530,0,2594
1531,0,481
1532,0,1744
1533,0,1480
1534,0,2860
1535,0,2787
1536,0,4105
1537,0,1150
1538,0,1180
1539,0,1762
1540,0,3283
1541,0,2529
1542,0,2808
1543,0,3571
1544,0,3431
1545,0,3221
1546,0,516
1547,0,3122
1548,0,3931
1549,0,38
1550,0,883
1551,0,2077
1552,0,3987
1553,0,2831
1554,0,3381
1555,0,1203
1556,0,1209
1557,0,3584
1558,1,309
1559,1,640
1560,0,1615
1561,0,1373
1562,0,2845
1563,0,2444
1564,0,1115
1565,0,1591
1566,0,3795
1567,0,3629
1568,0,285
1569,0,3462
1570,0,2396
1571,0,1411
1572,0,145
1573,0,2408
1574,0,2506
1575,0,2957
1576,0,3770
1577,1,598
1578,0,1449
1579,0,1447
1580,0,51
1581,0,1174
1582,0,3845
1583,0,651
1584,0,2459
1585,0,1194
1586,0,3115
1587,0,225
1588,0,3511
1589,0,2689
1590,0,1404
1591,0,2468
1592,0,4052
1593,0,3161
1594,0,486
1595,0,3320
1596,1,2336
1597,0,643
1598,0,2227
1599,0,3383
1600,0,2398
1601,0,999
1602,0,2066
1603,0,1099
1604,0,3893
1605,0,3444
1606,0,2225
1607,0,958
1608,0,2802
1609,0,1833
1610,0,1988
1611,0,3623
1612,0,2186
1613,0,2190
1614,1,2530
1615,0,361
1616,1,2434
1617,0,3555
1618,1,3272
1619,0,1107
1620,0,628
1621,0,1841
1622,0,2989
1623,0,705
1624,0,243
1625,1,3553
1626,0,3915
1627,0,3585
1628,1,1487
1629,0,2990
1630,0,3031
1631,0,192
1632,0,1996
1633,0,3616
1634,0,2580
1635,0,2846
1636,0,707
1637,0,3797
1638,0,844
1639,0,3614
1640,1,1496
1641,0,3693
1642,0,863
1643,0,2862
1644,0,2880
1645,0,467
1646,0,1917
1647,0,4112
1648,1,60
1649,0,1802
1650,0,550
1651,0,432
1652,0,1680
1653,1,571
1654,0,3131
1655,1,590
1656,0,1923
1657,0,3996
1658,0,1526
1659,0,115
1660,0,3116
1661,0,4018
1662,0,2287
1663,0,2028
1664,0,2788
1665,0,1845
1666,0,3785
1667,0,2710
1668,0,3889
1669,0,2573
1670,0,3083
1671,0,536
1672,0,1603
1673,0,249
1674,0,1493
1675,0,479
1676,0,1678
1677,0,3829
1678,0,386
1679,0,509
1680,0,400
1681,0,773
1682,0,4084
1683,0,2229
1684,0,3355
1685,0,4007
1686,0,2851
1687,0,1140
1688,0,1001
1689,0,935
1690,0,631
1691,0,2031
1692,0,3547
1693,0,3110
1694,0,484
1695,0,2842
1696,0,4050
1697,1,163
1698,0,2876
1699,0,1250
1700,0,3876
1701,0,3269
1702,0,1282
1703,0,2768
1704,0,1519
1705,0,2104
1706,0,2696
1707,0,2395
1708,0,3392
1709,0,2800
1710,0,1795
1711,1,1547
1712,0,3146
1713,0,1580
1714,0,1750
1715,1,421
1716,0,1728
1717,0,3349
1718,1,1005
1719,0,1809
1720,0,1256
1721,0,3384
1722,0,1370
1723,0,3386
1724,0,623
1725,0,372
1726,0,1958
1727,0,169
1728,1,22
1729,0,1327
1730,0,1086
1731,0,3426
1732,0,1564
1733,0,3367
1734,0,2230
1735,0,3969
1736,0,921
1737,0,1593
1738,1,2065
1739,0,2606
1740,0,2608
1741,0,4086
1742,0,2312
1743,0,2412
1744,0,3061
1745,0,3391
1746,0,1725
1747,0,325
1748,0,626
1749,0,3836
1750,0,1972
1751,0,1336
1752,0,371
1753,0,3127
1754,0,4093
1755,0,3949
1756,0,2309
1757,0,2938
1758,0,3745
1759,0,2026
1760,0,202
1761,0,3890
1762,0,2149
1763,0,755
1764,0,2590
1765,1,1410
1766,0,4023
1767,0,1864
1768,0,2702
1769,0,835
1770,0,3369
1771,0,2680
1772,0,3992
1773,0,1128
1774,0,301
1775,0,1747
1776,0,512
1777,0,3747
1778,0,2675
1779,0,1417
1780,0,1874
1781,0,2136
1782,0,2923
1783,0,2271
1784,0,1705
1785,0,964
1786,0,952
1787,0,3104
1788,0,423
1789,0,4042
1790,0,3648
1791,0,33
1792,0,460
1793,0,2340
1794,0,2138
1795,0,3692
1796,0,2755
1797,0,2334
1798,0,3937
1799,0,1064
1800,0,4034
1801,0,2587
1802,0,2688
1803,0,2162
1804,0,2482
1805,0,3159
1806,0,2572
1807,0,501
1808,0,2080
1809,0,2553
1810,0,1888
1811,0,1453
1812,1,4051
1813,0,1516
1814,0,2830
1815,0,1297
1816,0,1950
1817,0,1179
1818,0,170
1819,0,1753
1820,0,3518
1821,0,2245
1822,0,918
1823,0,757
1824,0,1550
1825,1,3634
1826,0,3869
1827,0,3620
1828,0,770
1829,0,895
1830,0,671
1831,0,1987
1832,0,388
1833,1,1138
1834,0,2616
1835,0,3335
1836,0,312
1837,0,1290
1838,0,2294
1839,0,2656
1840,0,398
1841,0,702
1842,0,2499
1843,0,3607
1844,0,2708
1845,0,3679
1846,0,3963
1847,0,970
1848,0,797
1849,0,3654
1850,0,2198
1851,0,1096
1852,0,142
1853,0,9
1854,1,3456
1855,0,2099
1856,0,1316
1857,0,385
1858,0,1350
1859,1,1872
1860,0,3360
1861,0,2928
1862,0,2677
1863,0,796
1864,0,1044
1865,0,3684
1866,0,1673
1867,0,1105
1868,0,1333
1869,0,1964
1870,0,3223
1871,0,103
1872,0,3097
1873,0,2682
1874,0,250
1875,0,270
1876,0,1628
1877,0,3632
1878,1,63
1879,0,3321
1880,0,3002
1881,0,3546
1882,0,2994
1883,0,1513
1884,0,2508
1885,0,2122
1886,0,1692
1887,0,2409
1888,0,1438
1889,0,3951
1890,0,768
1891,0,2971
1892,1,3244
1893,0,3191
1894,0,2083
1895,0,1032
1896,0,3512
1897,0,411
1898,0,2970
1899,0,3748
1900,0,545
1901,0,3506
1902,0,427
1903,0,1848
1904,0,1075
1905,0,2406
1906,1,3811
1907,0,2045
1908,0,2505
1909,0,858
1910,0,3695
1911,0,717
1912,0,942
1913,0,1364
1914,0,298
1915,0,1486
1916,0,1508
1917,0,2053
1918,0,3490
1919,0,675
1920,0,3329
1921,0,1161
1922,0,2153
1923,0,1807
1924,1,983
1925,0,927
1926,0,727
1927,0,1416
1928,0,834
1929,0,3405
1930,0,859
1931,0,505
1932,0,3186
1933,0,2466
1934,0,2912
1935,0,708
1936,0,1470
1937,0,805
1938,0,1876
1939,0,3731
1940,0,3851
1941,0,292
1942,0,2533
1943,0,1368
1944,0,3514
1945,0,4113
1946,0,2773
1947,0,1911
1948,0,2017
1949,0,947
1950,0,178
1951,0,3720
1952,0,1822
1953,0,2183
1954,0,1877
1955,0,2129
1956,0,3012
1957,0,1878
1958,0,1466
1959,0,1367
1960,0,389
1961,0,3265
1962,0,1210
1963,0,3319
1964,0,1656
1965,0,2100
1966,0,1616
1967,0,1963
1968,0,1263
1969,0,3722
1970,0,2774
1971,0,204
1972,0,3781
1973,0,2627
1974,0,3432
1975,0,19
1976,0,2816
1977,0,3060
1978,0,2598
1979,0,2837
1980,0,1127
1981,0,2753
1982,0,1136
1983,0,2181
1984,0,2519
1985,0,3557
1986,0,3661
1987,0,2339
1988,0,2438
1989,0,2194
1990,1,4089
1991,0,1015
1992,0,366
1993,0,2209
1994,0,101
1995,0,384
1996,0,1510
1997,0,1435
1998,0,3468
1999,0,3429
2000,0,687
2001,0,406
2002,0,871
2003,0,275
2004,0,3519
2005,0,1463
2006,0,1713
2007,0,3956
2008,0,2651
2009,0,1090
2010,0,719
2011,1,1943
2012,0,2992
2013,0,1035
2014,0,2534
2015,0,477
2016,0,159
2017,0,575
2018,0,1960
2019,0,2319
2020,0,2588
2021,0,430
2022,0,189
2023,0,919
2024,0,1277
2025,0,3533
2026,0,1007
2027,0,1586
2028,0,1456
2029,0,1778
2030,0,3076
2031,0,2290
2032,0,209
2033,0,1478
2034,0,2253
2035,1,1540
2036,0,3840
2037,0,1292
2038,1,3140
2039,0,2737
2040,0,127
2041,0,1110
2042,0,3281
2043,0,344
2044,0,864
2045,0,2877
2046,0,1072
2047,0,2903
2048,0,682
2049,0,1198
2050,0,4003
2051,0,2097
2052,0,3794
2053,0,2758
2054,0,2235
2055,0,1927
2056,0,3539
2057,0,3685
2058,0,4006
2059,0,3849
2060,0,663
2061,0,165
2062,0,892
2063,0,2112
2064,0,3652
2065,0,1542
2066,0,2210
2067,0,335
2068,0,2592
2069,0,1172
2070,0,953
2071,1,1947
2072,0,3379
2073,0,3234
2074,1,1933
2075,0,3485
2076,0,2155
2077,0,1910
2078,0,3782
2079,0,1066
2080,0,3358
2081,0,1258
2082,0,2692
2083,0,1971
2084,0,1786
2085,0,382
2086,0,424
2087,0,3579
2088,0,31
2089,0,888
2090,0,2470
2091,0,1123
2092,0,2372
2093,0,2214
2094,0,162
2095,0,3420
2096,0,3968
2097,0,4028
2098,0,64
2099,0,3129
2100,0,3536
2101,0,1865
2102,0,778
2103,0,1611
2104,0,3674
2105,0,387
2106,0,1080
2107,0,173
2108,0,3612
2109,0,3387
2110,0,4059
2111,0,1026
2112,0,1227
2113,0,3228
2114,0,2113
2115,1,2543
2116,0,1459
2117,0,2220
2118,0,1548
2119,1,1321
2120,0,1986
2121,0,1897
2122,0,3062
2123,0,1187
2124,0,3507
2125,0,4069
2126,0,2739
2127,0,994
2128,0,1406
2129,0,1255
2130,0,3042
2131,0,3107
2132,0,261
2133,0,1377
2134,0,1201
2135,0,1572
2136,0,3118
2137,0,1945
2138,0,1774
2139,0,1788
2140,0,1861
2141,0,3318
2142,0,3505
2143,0,622
2144,0,3036
2145,0,1675
2146,0,2047
2147,0,4109
2148,0,1773
2149,0,1735
2150,0,468
2151,0,982
2152,0,1010
2153,0,3466
2154,0,1730
2155,0,553
2156,0,257
2157,0,3723
2158,0,100
2159,0,1328
2160,0,1799
2161,0,2011
2162,0,2316
2163,0,3240
2164,0,1574
2165,0,3717
2166,0,215
2167,0,684
2168,0,2833
2169,0,1446
2170,0,1859
2171,0,446
2172,0,827
2173,0,1557
2174,0,932
2175,0,2075
2176,0,529
2177,0,3328
2178,0,121
2179,0,2348
2180,0,1924
2181,0,1462
2182,0,860
2183,0,3385
2184,0,1672
2185,0,728
2186,0,1543
2187,0,3043
2188,0,2836
2189,0,1882
2190,0,190
2191,0,2614
2192,0,3342
2193,0,872
2194,0,1530
2195,0,3288
2196,0,3290
2197,1,239
2198,0,2906
2199,1,1592
2200,0,88
2201,0,2603
2202,0,1484
2203,0,3007
2204,0,2632
2205,0,1279
2206,0,4036
2207,0,656
2208,0,908
2209,0,1718
2210,0,3153
2211,0,2738
2212,0,1176
2213,0,2589
2214,0,1703
2215,0,4017
2216,0,3825
2217,1,3581
2218,0,1969
2219,0,3004
2220,1,3601
2221,0,1354
2222,0,272
2223,0,3193
2224,0,4012
2225,0,3314
2226,0,3721
2227,0,2192
2228,0,2751
2229,0,3472
2230,0,2993
2231,0,16
2232,0,3841
2233,0,1318
2234,0,1595
2235,0,934
2236,0,710
2237,0,1348
2238,0,3787
2239,0,28
2240,1,1047
2241,0,2303
2242,0,1374
2243,1,3551
2244,0,12
2245,0,820
2246,0,2975
2247,0,1326
2248,0,3982
2249,0,2813
2250,1,472
2251,0,1974
2252,0,3807
2253,0,1052
2254,0,966
2255,0,3142
2256,0,3779
2257,0,3091
2258,0,2760
2259,0,716
2260,0,3372
2261,0,1460
2262,0,2431
2263,0,2640
2264,0,3297
2265,0,2646
2266,0,3597
2267,0,3421
2268,0,3135
2269,0,696
2270,0,3933
2271,0,3957
2272,0,3839
2273,0,2338
2274,0,1667
2275,0,3886
2276,0,265
2277,0,1862
2278,0,2549
2279,0,3470
2280,1,487
2281,0,715
2282,0,1994
2283,0,748
2284,0,470
2285,0,718
2286,0,1002
2287,0,4119
2288,1,659
2289,0,3164
2290,0,194
2291,0,2397
2292,0,3252
2293,0,3050
2294,0,2952
2295,0,3112
2296,0,1504
2297,1,2633
2298,0,2983
2299,1,2139
2300,0,2793
2301,0,2898
2302,0,1804
2303,0,2943
2304,0,2323
2305,0,2126
2306,0,2511
2307,0,3401
2308,0,3190
2309,1,3032
2310,0,2897
2311,1,1669
2312,0,438
2313,0,3513
2314,0,4043
2315,0,2330
2316,0,2888
2317,0,2709
2318,0,97
2319,0,1407
2320,0,3210
2321,0,3888
2322,1,1109
2323,0,1856
2324,0,2601
2325,0,1062
2326,0,2337
2327,0,244
2328,1,1273
2329,0,2561
2330,0,2208
2331,0,2693
2332,0,3705
2333,0,1596
2334,0,758
2335,0,3478
2336,0,1347
2337,0,454
2338,0,2254
2339,0,3213
2340,0,3754
2341,0,2698
2342,0,1941
2343,0,3299
2344,0,2152
2345,0,1830
2346,0,2981
2347,0,1731
2348,0,625
2349,0,2456
2350,0,3436
2351,0,1008
2352,0,3196
2353,0,355
2354,0,338
2355,0,657
2356,0,3710
2357,0,2367
2358,0,896
2359,0,3099
2360,0,3445
2361,0,3418
2362,0,3772
2363,0,1806
2364,0,3689
2365,0,3691
2366,0,336
2367,0,2925
2368,0,850
2369,0,1837
2370,0,3454
2371,0,4073
2372,0,3134
2373,0,3798
2374,0,1793
2375,1,3166
2376,0,3856
2377,0,4088
2378,0,1634
2379,0,540
2380,0,488
2381,0,1529
2382,0,3249
2383,1,1494
2384,1,2440
2385,0,408
2386,0,4056
2387,0,280
2388,0,2631
2389,0,930
2390,0,3605
2391,0,1291
2392,1,263
2393,0,2634
2394,0,4103
2395,0,3821
2396,0,1916
2397,0,3918
2398,0,1193
2399,0,968
2400,0,647
2401,0,2807
2402,0,410
2403,0,2165
2404,0,3877
2405,0,3606
2406,1,620
2407,0,635
2408,0,3767
2409,0,1921
2410,0,2023
2411,0,785
2412,0,2101
2413,0,1815
2414,0,2995
2415,1,2030
2416,0,2868
2417,0,3268
2418,0,1727
2419,0,3978
2420,0,124
2421,0,938
2422,0,1214
2423,0,3331
2424,1,1299
2425,0,586
2426,1,2454
2427,0,933
2428,0,3232
2429,0,237
2430,0,2325
2431,0,2670
2432,0,3157
2433,0,2988
2434,1,3239
2435,0,2231
2436,0,1074
2437,0,1854
2438,0,1722
2439,0,2555
2440,1,742
2441,0,2375
2442,0,3261
2443,0,1949
2444,1,2232
2445,0,1858
2446,0,3838
2447,0,2304
2448,0,2124
2449,0,1810
2450,0,2074
2451,0,3645
2452,1,582
2453,0,4072
2454,0,2726
2455,1,2201
2456,0,2584
2457,0,2446
2458,0,4024
2459,0,689
2460,0,3184
2461,0,1828
2462,0,4063
2463,0,2747
2464,0,1294
2465,0,538
2466,0,2910
2467,0,1118
2468,0,2257
2469,1,2743
2470,0,3088
2471,0,3644
2472,0,106
2473,0,1908
2474,0,2279
2475,0,3276
2476,0,1156
2477,0,2728
2478,0,4085
2479,0,2414
2480,0,1869
2481,0,2120
2482,0,2240
2483,0,1926
2484,0,109
2485,0,977
2486,0,2487
2487,0,448
2488,0,1756
2489,0,3452
2490,0,3280
2491,0,1385
2492,0,2177
2493,0,1690
2494,0,2607
2495,0,1914
2496,0,2796
2497,0,1071
2498,0,3757
2499,0,182
2500,0,616
2501,1,3356
2502,0,2931
2503,0,851
2504,0,3883
2505,0,2000
2506,0,4013
2507,0,3121
2508,0,747
2509,0,3572
2510,0,3727
2511,0,3561
2512,0,2865
2513,0,1558
2514,0,3740
2515,0,776
2516,0,3177
2517,0,762
2518,0,3487
2519,1,2306
2520,0,1
2521,0,928
2522,0,3550
2523,0,1162
2524,0,2399
2525,0,1566
2526,0,823
2527,0,1562
2528,0,730
2529,0,1612
2530,0,2056
2531,0,2379
2532,0,695
2533,0,1157
2534,0,1482
2535,0,3701
2536,0,2579
2537,0,1059
2538,0,3535
2539,0,3006
2540,0,3222
2541,0,2740
2542,0,1454
2543,0,2310
2544,0,2490
2545,0,3819
2546,0,1226
2547,0,2681
2548,0,1087
2549,1,426
2550,0,2665
2551,0,3295
2552,0,1166
2553,0,440
2554,0,1475
2555,0,3277
2556,0,939
2557,0,839
2558,0,794
2559,0,2575
2560,0,1464
2561,0,3039
2562,0,2503
2563,0,3170
2564,0,175
2565,1,1662
2566,0,662
2567,0,2838
2568,0,381
2569,0,409
2570,0,1230
2571,0,761
2572,0,2560
2573,1,1311
2574,0,44
2575,0,1568
2576,0,720
2577,0,1450
2578,0,3419
2579,0,3334
2580,0,1184
2581,0,2491
2582,0,3446
2583,0,1889
2584,0,268
2585,0,3023
2586,0,1704
2587,0,3441
2588,0,1820
2589,0,3352
2590,0,245
2591,0,1734
2592,0,1220
2593,0,2671
2594,0,1081
2595,0,2916
2596,0,138
2597,0,1003
2598,0,2528
2599,0,1668
2600,0,2570
2601,0,2285
2602,0,672
2603,0,483
2604,0,1555
2605,0,2666
2606,0,544
2607,0,2643
2608,0,1432
2609,0,2966
2610,0,2944
2611,0,841
2612,0,2962
2613,0,307
2614,0,350
2615,0,751
2616,1,1046
2617,0,666
2618,0,330
2619,0,1700
2620,0,621
2621,0,547
2622,0,2205
2623,0,2196
2624,0,2160
2625,1,136
2626,0,13
2627,0,1537
2628,0,3346
2629,0,879
2630,0,2497
2631,0,2924
2632,0,530
2633,0,114
2634,0,2238
2635,0,1498
2636,0,3292
2637,0,2241
2638,0,1030
2639,0,2057
2640,0,1674
2641,0,3338
2642,0,3010
2643,1,2383
2644,0,2173
2645,0,4083
2646,0,605
2647,0,3768
2648,0,458
2649,0,3543
2650,0,3000
2651,1,2662
2652,0,3965
2653,1,229
2654,0,2009
2655,0,2278
2656,0,1818
2657,0,364
2658,0,2055
2659,0,937
2660,0,508
2661,0,2291
2662,0,98
2663,0,4066
2664,0,3521
2665,0,744
2666,0,4029
2667,0,2001
2668,0,2391
2669,0,1016
2670,0,3929
2671,0,988
2672,0,3071
2673,0,685
2674,0,50
2675,0,2213
2676,0,1955
2677,0,4092
2678,0,1289
2679,0,316
2680,0,2563
2681,0,2752
2682,0,2600
2683,0,3143
2684,0,2289
2685,0,2794
2686,0,1768
2687,0,2145
2688,0,332
2689,0,3853
2690,0,4061
2691,0,3907
2692,0,2259
2693,0,3608
2694,0,668
2695,0,830
2696,0,2691
2697,0,1608
2698,0,1613
2699,0,3834
2700,0,3953
2701,0,3227
2702,0,673
2703,0,3481
2704,0,3486
2705,0,4057
2706,0,81
2707,1,1748
2708,0,1296
2709,0,2070
2710,0,1569
2711,0,413
2712,0,4060
2713,0,1907
2714,0,1915
2715,0,2175
2716,0,1900
2717,0,3594
2718,0,2335
2719,0,1770
2720,0,3676
2721,0,2180
2722,0,2347
2723,0,3017
2724,0,2248
2725,0,2429
2726,1,495
2727,0,2712
2728,0,556
2729,0,1204
2730,0,2364
2731,0,2695
2732,0,2637
2733,0,1129
2734,0,4032
2735,0,2373
2736,0,1559
2737,0,3073
2738,0,848
2739,0,1666
2740,0,1975
2741,0,602
2742,0,3313
2743,0,1953
2744,0,3266
2745,0,2121
2746,0,1721
2747,0,822
2748,0,2119
2749,1,1375
2750,0,2518
2751,0,979
2752,1,116
2753,0,1607
2754,0,2182
2755,0,1130
2756,0,3810
2757,0,2402
2758,0,346
2759,0,353
2760,0,1473
2761,0,3037
2762,0,1018
2763,0,2342
2764,0,3885
2765,0,3440
2766,0,1716
2767,0,2311
2768,1,3566
2769,1,493
2770,0,2939
2771,0,1544
2772,0,3995
2773,0,1922
2774,0,3902
2775,0,843
2776,0,664
2777,0,2905
2778,0,1467
2779,0,1644
2780,0,3943
2781,0,2991
2782,0,2566
2783,0,2626
2784,0,492
2785,1,179
2786,1,20
2787,1,3087
2788,0,3930
2789,0,3258
2790,0,1808
2791,0,2116
2792,0,511
2793,1,3188
2794,0,3808
2795,0,2258
2796,0,262
2797,1,2769
2798,0,2281
2799,0,1386
2800,0,3022
2801,0,975
2802,0,2513
2803,0,3442
2804,0,96
2805,0,1027
2806,0,3664
2807,1,3211
2808,0,2552
2809,0,3053
2810,0,2418
2811,1,2958
2812,0,1188
2813,0,1229
2814,0,2244
2815,0,2697
2816,0,3200
2817,0,1231
2818,0,3980
2819,0,929
2820,0,1977
2821,0,699
2822,0,3108
2823,0,1481
2824,0,2307
2825,0,10
2826,0,1931
2827,0,2722
2828,0,2322
2829,0,1117
2830,1,3438
2831,0,2779
2832,0,3700
2833,0,1139
2834,0,226
2835,0,2039
2836,1,2212
2837,0,2054
2838,0,3653
2839,0,764
2840,0,3423
2841,0,4041
2842,0,692
2843,0,3587
2844,0,2333
2845,0,2477
2846,0,1989
2847,0,2721
2848,0,352
2849,0,870
2850,0,3944
2851,0,1883
2852,0,1384
2853,0,2049
2854,1,1366
2855,0,393
2856,0,391
2857,0,3776
2858,0,2828
2859,0,14
2860,0,191
2861,0,2421
2862,0,2428
2863,0,480
2864,0,1206
2865,0,992
2866,0,2630
2867,0,3282
2868,0,2557
2869,0,869
2870,0,3494
2871,0,2293
2872,0,711
2873,0,271
2874,0,491
2875,0,494
2876,1,1303
2877,0,2350
2878,0,1085
2879,0,513
2880,0,885
2881,0,2063
2882,0,2811
2883,0,1638
2884,0,1126
2885,0,471
2886,0,1840
2887,0,775
2888,0,784
2889,1,140
2890,0,3780
2891,0,125
2892,0,3793
2893,0,1154
2894,0,551
2895,0,3591
2896,0,564
2897,0,731
2898,0,3655
2899,0,691
2900,0,2852
2901,0,1741
2902,0,3730
2903,1,557
2904,0,1503
2905,0,725
2906,0,1192
2907,0,122
2908,0,3583
2909,0,1124
2910,0,73
2911,0,3848
2912,0,3238
2913,0,525
2914,0,1905
2915,0,1144
2916,0,3368
2917,0,1485
2918,1,449
2919,0,52
2920,1,1600
2921,0,1164
2922,0,3711
2923,0,252
2924,0,2150
2925,0,3756
2926,0,3202
2927,0,3934
2928,0,2657
2929,0,693
2930,0,1597
2931,0,3984
2932,0,3020
2933,0,862
2934,0,2624
2935,0,981
2936,0,3451
2937,0,3199
2938,0,893
2939,0,1084
2940,0,3117
2941,0,3273
2942,0,1946
2943,0,949
2944,0,3979
2945,0,1302
2946,1,144
2947,0,2029
2948,0,4048
2949,0,3009
2950,0,1252
2951,0,146
2952,0,2469
2953,0,3702
2954,0,2786
2955,0,2927
2956,0,3082
2957,0,812
2958,0,3235
2959,0,2085
2960,0,3497
2961,0,1488
2962,0,1640
2963,0,2188
2964,1,3618
2965,0,1342
2966,0,2536
2967,0,1764
2968,0,3326
2969,0,363
2970,0,4021
2971,0,1706
2972,0,213
2973,0,1622
2974,0,4065
2975,0,57
2976,0,1275
2977,0,1372
2978,0,75
2979,0,185
2980,1,2798
2981,0,267
2982,0,2782
2983,0,3220
2984,1,700
2985,0,120
2986,0,4011
2987,1,3003
2988,0,3484
2989,0,2963
2990,0,891
2991,0,3179
2992,0,3205
2993,0,3548
2994,0,1984
2995,0,2700
2996,0,2659
2997,0,634
2998,0,402
2999,0,1353
3000,0,2812
3001,0,963
3002,0,3070
3003,0,3658
3004,0,2292
3005,0,2217
3006,0,1427
3007,0,795
3008,0,1038
3009,0,3243
3010,0,3817
3011,0,2117
3012,0,3398
3013,0,2885
3014,0,520
3015,0,877
3016,0,1337
3017,0,2115
3018,0,126
3019,0,1004
3020,0,3805
3021,0,1528
3022,0,1083
3023,0,1787
3024,0,2351
3025,0,857
3026,1,3704
3027,0,1254
3028,0,507
3029,0,1736
3030,0,360
3031,0,1434
3032,0,1472
3033,0,3855
3034,0,1594
3035,0,4101
3036,0,137
3037,0,916
3038,0,3884
3039,0,1315
3040,0,3100
3041,0,1853
3042,0,3162
3043,0,1151
3044,0,260
3045,0,3803
3046,0,2554
3047,0,3659
3048,0,3488
3049,0,1929
3050,0,21
3051,0,1517
3052,0,549
3053,0,3666
3054,0,2426
3055,0,1991
3056,0,164
3057,0,2791
3058,0,1775
3059,0,1997
3060,0,1387
3061,0,1324
3062,0,2062
3063,0,2636
3064,0,2609
3065,1,3271
3066,0,1606
3067,0,1424
3068,0,2110
3069,0,1903
3070,1,2489
3071,0,1962
3072,0,375
3073,0,701
3074,0,880
3075,0,4117
3076,0,897
3077,0,1313
3078,0,2641
3079,0,2593
3080,0,2170
3081,0,41
3082,0,3790
3083,0,3035
3084,0,1664
3085,0,1267
3086,0,723
3087,0,2571
3088,0,783
3089,0,2242
3090,0,923
3091,0,3960
3092,0,2403
3093,0,198
3094,0,2644
3095,0,612
3096,0,3976
3097,0,2361
3098,0,3475
3099,0,629
3100,0,1272
3101,0,3390
3102,0,3066
3103,0,2848
3104,0,3990
3105,1,2461
3106,0,4077
3107,0,2107
3108,0,3613
3109,0,3870
3110,0,187
3111,0,2840
3112,0,2356
3113,0,2504
3114,0,3323
3115,0,2363
3116,0,3538
3117,0,147
3118,0,3975
3119,1,3254
3120,1,734
3121,0,3289
3122,0,1396
3123,0,1618
3124,0,2921
3125,0,4074
3126,0,618
3127,0,181
3128,0,3493
3129,0,2261
3130,0,337
3131,0,3178
3132,0,1942
3133,0,3687
3134,0,3651
3135,0,1509
3136,0,3293
3137,0,2835
3138,0,3677
3139,0,4076
3140,0,2510
3141,0,3093
3142,0,1455
3143,0,466
3144,0,2148
3145,0,3857
3146,0,1707
3147,0,1836
3148,1,2516
3149,0,555
3150,0,2843
3151,0,2583
3152,0,3668
3153,0,1461
3154,0,1726
3155,0,197
3156,0,3800
3157,0,808
3158,0,1560
3159,0,1648
3160,0,1832
3161,0,2883
3162,0,200
3163,0,1094
3164,0,3354
3165,0,2861
3166,0,1657
3167,0,1155
3168,0,811
3169,0,636
3170,0,3600
3171,0,3174
3172,0,1758
3173,0,1092
3174,0,3322
3175,0,217
3176,0,1223
3177,0,3847
3178,0,2223
3179,0,2430
3180,0,2200
3181,0,4071
3182,0,2494
3183,0,1699
3184,0,1670
3185,0,48
3186,0,1625
3187,0,3860
3188,0,2724
3189,0,3932
3190,0,227
3191,0,3389
3192,0,1011
3193,0,3837
3194,0,4004
3195,0,362
3196,1,4110
3197,0,2134
3198,0,2705
3199,0,2778
3200,0,86
3201,0,3132
3202,1,3708
3203,0,3716
3204,0,3473
3205,0,3089
3206,0,3477
3207,0,1088
3208,0,201
3209,0,2649
3210,0,498
3211,0,110
3212,0,354
3213,0,3175
3214,0,2219
3215,0,1392
3216,0,296
3217,0,2652
3218,0,1535
3219,0,2976
3220,0,3415
3221,0,1441
3222,0,2535
3223,0,3516
3224,0,2252
3225,0,2315
3226,0,3952
3227,0,746
3228,0,3311
3229,0,2565
3230,0,2368
3231,0,3789
3232,0,3054
3233,0,3236
3234,0,567
3235,0,1491
3236,1,3455
3237,0,2371
3238,0,4099
3239,0,566
3240,0,3714
3241,0,1202
3242,0,523
3243,0,3565
3244,0,1357
3245,0,957
3246,0,3771
3247,0,1045
3248,0,3729
3249,0,2276
3250,0,1236
3251,0,1034
3252,0,2480
3253,0,1752
3254,0,881
3255,1,2967
3256,0,517
3257,0,2079
3258,0,3812
3259,1,3257
3260,0,1265
3261,0,1225
3262,0,167
3263,0,2998
3264,0,1891
3265,0,1247
3266,0,1967
3267,0,3903
3268,0,2202
3269,0,3119
3270,0,542
3271,0,1469
3272,0,3813
3273,0,3044
3274,0,1581
3275,0,2849
3276,0,1221
3277,0,2960
3278,0,2545
3279,0,462
3280,0,3394
3281,0,1879
3282,0,3916
3283,0,1240
3284,0,2882
3285,0,1196
3286,0,790
3287,0,414
3288,1,2233
3289,0,3657
3290,0,3744
3291,0,1425
3292,0,78
3293,0,3864
3294,0,560
