{"py/object": "rasa_core.featurizers.MaxHistoryTrackerFeaturizer", "max_history": 5, "remove_duplicates": true, "state_featurizer": {"py/object": "rasa_core.featurizers.BinarySingleStateFeaturizer", "input_state_map": {"entity_cuisine": 9, "entity_email": 11, "entity_location": 8, "entity_price": 10, "intent_affirm": 0, "intent_deny": 1, "intent_goodbye": 2, "intent_greet": 3, "intent_price_check": 4, "intent_restaurant_search": 5, "intent_send_email": 6, "intent_thankyou": 7, "prev_action_default_fallback": 19, "prev_action_listen": 17, "prev_action_restart": 18, "prev_action_search_restaurants": 27, "prev_action_send_email": 30, "prev_utter_ask_cuisine": 25, "prev_utter_ask_email_id": 29, "prev_utter_ask_howcanhelp": 23, "prev_utter_ask_location": 24, "prev_utter_ask_price_range": 26, "prev_utter_default": 22, "prev_utter_email_send_confirmation": 28, "prev_utter_goodbye": 21, "prev_utter_greet": 20, "slot_cuisine_0": 12, "slot_email_0": 13, "slot_location_0": 14, "slot_price_0": 15, "slot_range_0": 16}, "num_features": 31, "slot_feature_len": 5, "user_feature_len": 12}, "use_intent_probabilities": false}