{
  "chinese": "chinese",
  "chines": "chinese",
  "italic": "italian",
  "european": "italian",
  "catalan": "italian",
  "indo-european": "italian",
  "burrito": "mexican",
  "taco": "mexican",
  "nachos": "mexican",
  "amadavad": "ahmedabad",
  "bengaluru": "bangalore",
  "bengalor": "bangalore",
  "bangaluru": "bangalore",
  "bangloro": "bangalore",
  "channai": "chennai",
  "madras": "chennai",
  "maddras": "chennai",
  "chenna": "chennai",
  "new delhi": "delhi",
  "newdelhi": "delhi",
  "dilli": "delhi",
  "nayi dilli": "delhi",
  "calcutta": "kolkata",
  "kolkota": "kolkata",
  "kolkatta": "kolkata",
  "poona": "pune",
  "puducherry": "pondicherry",
  "pondy": "pondicherry",
  "trivandrum": "thiruvananthapuram",
  "vizag": "visakhapatnam",
  "waltair": "visakhapatnam",
  "palghat": "palakkad",
  "rajamahendravaram": "rajahmundry",
  "trichy": "tiruchirappalli",
  "nellai": "tirunelveli",
  "tinnevelly": "tirunelveli",
  "tirupur": "tiruppur",
  "kashi": "varanasi",
  "banaras": "varanasi",
  "benares": "varanasi",
  "calicut": "kozhikode",
  "baroda": "vadodara",
  "cannanore": "kannur",
  "gurugram": "gurgaon",
  "bhilai": "durg-bhilai nagar",
  "bhilai nagar": "durg-bhilai nagar",
  "prayag": "allahabad,",
  "belagavi": "belgaum,",
  "kovai": "coimbatore",
  "dehra dun": "dehradun",
  "mangaluru": "mangalore",
  "manguluru": "mangalore",
  "veggie": "vegetarian",
  "vegg": "vegetarian",
  "non vegeterian": "non-veg",
  "non veg": "non-veg",
  "chicken": "non-veg",
  "mutton": "non-veg",
  "egg": "non-veg",
  "meat": "non-veg",
  "flesh": "non-veg",
  "inbetween": "between",
  "in-between": "between",
  "within": "between",
  "with-in": "between",
  "-": "between",
  "<": "low",
  "lesser than": "less_than",
  "below": "less_than",
  "<=": "less_than",
  "lower than": "less_than",
  "cheap": "low",
  "cheaper": "less_than",
  "low budget": "less_than",
  "mid": "moderate",
  "medium": "moderate",
  "middle": "moderate",
  "less": "low",
  "very low": "low",
  "least": "low",
  "cheapest": "low",
  ">": "high",
  "costly": "high",
  "high end": "high",
  "expensive": "high",
  "top": "high",
  "costliest": "high",
  "moderate": "mid",
  "four": "4",
  "hyderabadi ": "hyderabad",
  "south ": "south indian",
  "north ": "north indian"
}