{
  "action_fingerprints": {
    "action_listen": {
      "slots": [
        "email",
        "cuisine",
        "location",
        "range"
      ]
    },
    "action_search_restaurants": {
      "slots": [
        "location"
      ]
    },
    "action_restart": {
      "slots": []
    },
    "action_send_email": {
      "slots": [
        "location"
      ]
    }
  },
  "rasa_core": "0.11.12",
  "python": "3.6.3",
  "max_histories": [
    3,
    5
  ],
  "ensemble_name": "rasa_core.policies.ensemble.SimplePolicyEnsemble",
  "policy_names": [
    "rasa_core.policies.memoization.MemoizationPolicy",
    "policy.RestaurantPolicy"
  ]
}